x,y,task,model,frame_path,embedding_path
12.968100,-30.302885,adjust_bottle,Ops-MM-embedding-v1-2B,/data/work/OliverRen/open_s_proj/RoboRouter_RoboTwin/agents_router/agents_demo/mm_embed_cache/frames/adjust_bottle_episode0_1111200654.jpg,/data/work/OliverRen/open_s_proj/RoboRouter_RoboTwin/agents_router/agents_demo/mm_embed_cache/embeddings/mm_embed_adjust_bottle_episode0_1111200654.json
13.476014,-29.828045,adjust_bottle,Ops-MM-embedding-v1-2B,/data/work/OliverRen/open_s_proj/RoboRouter_RoboTwin/agents_router/agents_demo/mm_embed_cache/frames/adjust_bottle_episode10_1111200654.jpg,/data/work/OliverRen/open_s_proj/RoboRouter_RoboTwin/agents_router/agents_demo/mm_embed_cache/embeddings/mm_embed_adjust_bottle_episode10_1111200654.json
13.919497,-27.942661,adjust_bottle,Ops-MM-embedding-v1-2B,/data/work/OliverRen/open_s_proj/RoboRouter_RoboTwin/agents_router/agents_demo/mm_embed_cache/frames/adjust_bottle_episode11_1111200654.jpg,/data/work/OliverRen/open_s_proj/RoboRouter_RoboTwin/agents_router/agents_demo/mm_embed_cache/embeddings/mm_embed_adjust_bottle_episode11_1111200654.json
13.555215,-28.106949,adjust_bottle,Ops-MM-embedding-v1-2B,/data/work/OliverRen/open_s_proj/RoboRouter_RoboTwin/agents_router/agents_demo/mm_embed_cache/frames/adjust_bottle_episode12_1111200654.jpg,/data/work/OliverRen/open_s_proj/RoboRouter_RoboTwin/agents_router/agents_demo/mm_embed_cache/embeddings/mm_embed_adjust_bottle_episode12_1111200654.json
13.143933,-30.083843,adjust_bottle,Ops-MM-embedding-v1-2B,/data/work/OliverRen/open_s_proj/RoboRouter_RoboTwin/agents_router/agents_demo/mm_embed_cache/frames/adjust_bottle_episode13_1111200654.jpg,/data/work/OliverRen/open_s_proj/RoboRouter_RoboTwin/agents_router/agents_demo/mm_embed_cache/embeddings/mm_embed_adjust_bottle_episode13_1111200654.json
14.603753,-27.471975,adjust_bottle,Ops-MM-embedding-v1-2B,/data/work/OliverRen/open_s_proj/RoboRouter_RoboTwin/agents_router/agents_demo/mm_embed_cache/frames/adjust_bottle_episode14_1111200654.jpg,/data/work/OliverRen/open_s_proj/RoboRouter_RoboTwin/agents_router/agents_demo/mm_embed_cache/embeddings/mm_embed_adjust_bottle_episode14_1111200654.json
13.921665,-30.464731,adjust_bottle,Ops-MM-embedding-v1-2B,/data/work/OliverRen/open_s_proj/RoboRouter_RoboTwin/agents_router/agents_demo/mm_embed_cache/frames/adjust_bottle_episode15_1111200654.jpg,/data/work/OliverRen/open_s_proj/RoboRouter_RoboTwin/agents_router/agents_demo/mm_embed_cache/embeddings/mm_embed_adjust_bottle_episode15_1111200654.json
13.531643,-30.017986,adjust_bottle,Ops-MM-embedding-v1-2B,/data/work/OliverRen/open_s_proj/RoboRouter_RoboTwin/agents_router/agents_demo/mm_embed_cache/frames/adjust_bottle_episode16_1111200654.jpg,/data/work/OliverRen/open_s_proj/RoboRouter_RoboTwin/agents_router/agents_demo/mm_embed_cache/embeddings/mm_embed_adjust_bottle_episode16_1111200654.json
13.365751,-27.385298,adjust_bottle,Ops-MM-embedding-v1-2B,/data/work/OliverRen/open_s_proj/RoboRouter_RoboTwin/agents_router/agents_demo/mm_embed_cache/frames/adjust_bottle_episode17_1111200654.jpg,/data/work/OliverRen/open_s_proj/RoboRouter_RoboTwin/agents_router/agents_demo/mm_embed_cache/embeddings/mm_embed_adjust_bottle_episode17_1111200654.json
13.322108,-27.756624,adjust_bottle,Ops-MM-embedding-v1-2B,/data/work/OliverRen/open_s_proj/RoboRouter_RoboTwin/agents_router/agents_demo/mm_embed_cache/frames/adjust_bottle_episode18_1111200654.jpg,/data/work/OliverRen/open_s_proj/RoboRouter_RoboTwin/agents_router/agents_demo/mm_embed_cache/embeddings/mm_embed_adjust_bottle_episode18_1111200654.json
14.132882,-27.101702,adjust_bottle,Ops-MM-embedding-v1-2B,/data/work/OliverRen/open_s_proj/RoboRouter_RoboTwin/agents_router/agents_demo/mm_embed_cache/frames/adjust_bottle_episode19_1111200654.jpg,/data/work/OliverRen/open_s_proj/RoboRouter_RoboTwin/agents_router/agents_demo/mm_embed_cache/embeddings/mm_embed_adjust_bottle_episode19_1111200654.json
14.867234,-27.615767,adjust_bottle,Ops-MM-embedding-v1-2B,/data/work/OliverRen/open_s_proj/RoboRouter_RoboTwin/agents_router/agents_demo/mm_embed_cache/frames/adjust_bottle_episode1_1111200654.jpg,/data/work/OliverRen/open_s_proj/RoboRouter_RoboTwin/agents_router/agents_demo/mm_embed_cache/embeddings/mm_embed_adjust_bottle_episode1_1111200654.json
14.371396,-27.097080,adjust_bottle,Ops-MM-embedding-v1-2B,/data/work/OliverRen/open_s_proj/RoboRouter_RoboTwin/agents_router/agents_demo/mm_embed_cache/frames/adjust_bottle_episode2_1111200654.jpg,/data/work/OliverRen/open_s_proj/RoboRouter_RoboTwin/agents_router/agents_demo/mm_embed_cache/embeddings/mm_embed_adjust_bottle_episode2_1111200654.json
13.765864,-27.561541,adjust_bottle,Ops-MM-embedding-v1-2B,/data/work/OliverRen/open_s_proj/RoboRouter_RoboTwin/agents_router/agents_demo/mm_embed_cache/frames/adjust_bottle_episode3_1111200654.jpg,/data/work/OliverRen/open_s_proj/RoboRouter_RoboTwin/agents_router/agents_demo/mm_embed_cache/embeddings/mm_embed_adjust_bottle_episode3_1111200654.json
14.364285,-28.087776,adjust_bottle,Ops-MM-embedding-v1-2B,/data/work/OliverRen/open_s_proj/RoboRouter_RoboTwin/agents_router/agents_demo/mm_embed_cache/frames/adjust_bottle_episode4_1111200654.jpg,/data/work/OliverRen/open_s_proj/RoboRouter_RoboTwin/agents_router/agents_demo/mm_embed_cache/embeddings/mm_embed_adjust_bottle_episode4_1111200654.json
14.192396,-27.834261,adjust_bottle,Ops-MM-embedding-v1-2B,/data/work/OliverRen/open_s_proj/RoboRouter_RoboTwin/agents_router/agents_demo/mm_embed_cache/frames/adjust_bottle_episode5_1111200654.jpg,/data/work/OliverRen/open_s_proj/RoboRouter_RoboTwin/agents_router/agents_demo/mm_embed_cache/embeddings/mm_embed_adjust_bottle_episode5_1111200654.json
13.911684,-30.481457,adjust_bottle,Ops-MM-embedding-v1-2B,/data/work/OliverRen/open_s_proj/RoboRouter_RoboTwin/agents_router/agents_demo/mm_embed_cache/frames/adjust_bottle_episode6_1111200654.jpg,/data/work/OliverRen/open_s_proj/RoboRouter_RoboTwin/agents_router/agents_demo/mm_embed_cache/embeddings/mm_embed_adjust_bottle_episode6_1111200654.json
13.542892,-30.164196,adjust_bottle,Ops-MM-embedding-v1-2B,/data/work/OliverRen/open_s_proj/RoboRouter_RoboTwin/agents_router/agents_demo/mm_embed_cache/frames/adjust_bottle_episode7_1111200654.jpg,/data/work/OliverRen/open_s_proj/RoboRouter_RoboTwin/agents_router/agents_demo/mm_embed_cache/embeddings/mm_embed_adjust_bottle_episode7_1111200654.json
13.856599,-27.061579,adjust_bottle,Ops-MM-embedding-v1-2B,/data/work/OliverRen/open_s_proj/RoboRouter_RoboTwin/agents_router/agents_demo/mm_embed_cache/frames/adjust_bottle_episode8_1111200654.jpg,/data/work/OliverRen/open_s_proj/RoboRouter_RoboTwin/agents_router/agents_demo/mm_embed_cache/embeddings/mm_embed_adjust_bottle_episode8_1111200654.json
13.551591,-27.067802,adjust_bottle,Ops-MM-embedding-v1-2B,/data/work/OliverRen/open_s_proj/RoboRouter_RoboTwin/agents_router/agents_demo/mm_embed_cache/frames/adjust_bottle_episode9_1111200654.jpg,/data/work/OliverRen/open_s_proj/RoboRouter_RoboTwin/agents_router/agents_demo/mm_embed_cache/embeddings/mm_embed_adjust_bottle_episode9_1111200654.json
-25.451113,-15.832320,beat_block_hammer,Ops-MM-embedding-v1-2B,/data/work/OliverRen/open_s_proj/RoboRouter_RoboTwin/agents_router/agents_demo/mm_embed_cache/frames/beat_block_hammer_episode0_1111200654.jpg,/data/work/OliverRen/open_s_proj/RoboRouter_RoboTwin/agents_router/agents_demo/mm_embed_cache/embeddings/mm_embed_beat_block_hammer_episode0_1111200654.json
-25.271944,-17.355349,beat_block_hammer,Ops-MM-embedding-v1-2B,/data/work/OliverRen/open_s_proj/RoboRouter_RoboTwin/agents_router/agents_demo/mm_embed_cache/frames/beat_block_hammer_episode10_1111200654.jpg,/data/work/OliverRen/open_s_proj/RoboRouter_RoboTwin/agents_router/agents_demo/mm_embed_cache/embeddings/mm_embed_beat_block_hammer_episode10_1111200654.json
-26.434658,-16.025694,beat_block_hammer,Ops-MM-embedding-v1-2B,/data/work/OliverRen/open_s_proj/RoboRouter_RoboTwin/agents_router/agents_demo/mm_embed_cache/frames/beat_block_hammer_episode11_1111200654.jpg,/data/work/OliverRen/open_s_proj/RoboRouter_RoboTwin/agents_router/agents_demo/mm_embed_cache/embeddings/mm_embed_beat_block_hammer_episode11_1111200654.json
-27.381014,-18.522093,beat_block_hammer,Ops-MM-embedding-v1-2B,/data/work/OliverRen/open_s_proj/RoboRouter_RoboTwin/agents_router/agents_demo/mm_embed_cache/frames/beat_block_hammer_episode12_1111200654.jpg,/data/work/OliverRen/open_s_proj/RoboRouter_RoboTwin/agents_router/agents_demo/mm_embed_cache/embeddings/mm_embed_beat_block_hammer_episode12_1111200654.json
-27.070662,-18.062197,beat_block_hammer,Ops-MM-embedding-v1-2B,/data/work/OliverRen/open_s_proj/RoboRouter_RoboTwin/agents_router/agents_demo/mm_embed_cache/frames/beat_block_hammer_episode13_1111200654.jpg,/data/work/OliverRen/open_s_proj/RoboRouter_RoboTwin/agents_router/agents_demo/mm_embed_cache/embeddings/mm_embed_beat_block_hammer_episode13_1111200654.json
-26.352781,-18.070696,beat_block_hammer,Ops-MM-embedding-v1-2B,/data/work/OliverRen/open_s_proj/RoboRouter_RoboTwin/agents_router/agents_demo/mm_embed_cache/frames/beat_block_hammer_episode14_1111200654.jpg,/data/work/OliverRen/open_s_proj/RoboRouter_RoboTwin/agents_router/agents_demo/mm_embed_cache/embeddings/mm_embed_beat_block_hammer_episode14_1111200654.json
-27.563993,-17.044106,beat_block_hammer,Ops-MM-embedding-v1-2B,/data/work/OliverRen/open_s_proj/RoboRouter_RoboTwin/agents_router/agents_demo/mm_embed_cache/frames/beat_block_hammer_episode15_1111200654.jpg,/data/work/OliverRen/open_s_proj/RoboRouter_RoboTwin/agents_router/agents_demo/mm_embed_cache/embeddings/mm_embed_beat_block_hammer_episode15_1111200654.json
-26.325352,-17.210838,beat_block_hammer,Ops-MM-embedding-v1-2B,/data/work/OliverRen/open_s_proj/RoboRouter_RoboTwin/agents_router/agents_demo/mm_embed_cache/frames/beat_block_hammer_episode16_1111200654.jpg,/data/work/OliverRen/open_s_proj/RoboRouter_RoboTwin/agents_router/agents_demo/mm_embed_cache/embeddings/mm_embed_beat_block_hammer_episode16_1111200654.json
-28.182663,-17.975719,beat_block_hammer,Ops-MM-embedding-v1-2B,/data/work/OliverRen/open_s_proj/RoboRouter_RoboTwin/agents_router/agents_demo/mm_embed_cache/frames/beat_block_hammer_episode17_1111200654.jpg,/data/work/OliverRen/open_s_proj/RoboRouter_RoboTwin/agents_router/agents_demo/mm_embed_cache/embeddings/mm_embed_beat_block_hammer_episode17_1111200654.json
-27.963795,-16.793659,beat_block_hammer,Ops-MM-embedding-v1-2B,/data/work/OliverRen/open_s_proj/RoboRouter_RoboTwin/agents_router/agents_demo/mm_embed_cache/frames/beat_block_hammer_episode18_1111200654.jpg,/data/work/OliverRen/open_s_proj/RoboRouter_RoboTwin/agents_router/agents_demo/mm_embed_cache/embeddings/mm_embed_beat_block_hammer_episode18_1111200654.json
-26.771379,-16.772493,beat_block_hammer,Ops-MM-embedding-v1-2B,/data/work/OliverRen/open_s_proj/RoboRouter_RoboTwin/agents_router/agents_demo/mm_embed_cache/frames/beat_block_hammer_episode19_1111200654.jpg,/data/work/OliverRen/open_s_proj/RoboRouter_RoboTwin/agents_router/agents_demo/mm_embed_cache/embeddings/mm_embed_beat_block_hammer_episode19_1111200654.json
-26.003122,-15.588901,beat_block_hammer,Ops-MM-embedding-v1-2B,/data/work/OliverRen/open_s_proj/RoboRouter_RoboTwin/agents_router/agents_demo/mm_embed_cache/frames/beat_block_hammer_episode1_1111200654.jpg,/data/work/OliverRen/open_s_proj/RoboRouter_RoboTwin/agents_router/agents_demo/mm_embed_cache/embeddings/mm_embed_beat_block_hammer_episode1_1111200654.json
-26.686441,-18.330633,beat_block_hammer,Ops-MM-embedding-v1-2B,/data/work/OliverRen/open_s_proj/RoboRouter_RoboTwin/agents_router/agents_demo/mm_embed_cache/frames/beat_block_hammer_episode2_1111200654.jpg,/data/work/OliverRen/open_s_proj/RoboRouter_RoboTwin/agents_router/agents_demo/mm_embed_cache/embeddings/mm_embed_beat_block_hammer_episode2_1111200654.json
-26.963123,-17.478823,beat_block_hammer,Ops-MM-embedding-v1-2B,/data/work/OliverRen/open_s_proj/RoboRouter_RoboTwin/agents_router/agents_demo/mm_embed_cache/frames/beat_block_hammer_episode3_1111200654.jpg,/data/work/OliverRen/open_s_proj/RoboRouter_RoboTwin/agents_router/agents_demo/mm_embed_cache/embeddings/mm_embed_beat_block_hammer_episode3_1111200654.json
-25.668297,-17.764917,beat_block_hammer,Ops-MM-embedding-v1-2B,/data/work/OliverRen/open_s_proj/RoboRouter_RoboTwin/agents_router/agents_demo/mm_embed_cache/frames/beat_block_hammer_episode4_1111200654.jpg,/data/work/OliverRen/open_s_proj/RoboRouter_RoboTwin/agents_router/agents_demo/mm_embed_cache/embeddings/mm_embed_beat_block_hammer_episode4_1111200654.json
-26.916203,-17.987156,beat_block_hammer,Ops-MM-embedding-v1-2B,/data/work/OliverRen/open_s_proj/RoboRouter_RoboTwin/agents_router/agents_demo/mm_embed_cache/frames/beat_block_hammer_episode5_1111200654.jpg,/data/work/OliverRen/open_s_proj/RoboRouter_RoboTwin/agents_router/agents_demo/mm_embed_cache/embeddings/mm_embed_beat_block_hammer_episode5_1111200654.json
-26.873411,-17.082304,beat_block_hammer,Ops-MM-embedding-v1-2B,/data/work/OliverRen/open_s_proj/RoboRouter_RoboTwin/agents_router/agents_demo/mm_embed_cache/frames/beat_block_hammer_episode6_1111200654.jpg,/data/work/OliverRen/open_s_proj/RoboRouter_RoboTwin/agents_router/agents_demo/mm_embed_cache/embeddings/mm_embed_beat_block_hammer_episode6_1111200654.json
-25.929569,-15.903689,beat_block_hammer,Ops-MM-embedding-v1-2B,/data/work/OliverRen/open_s_proj/RoboRouter_RoboTwin/agents_router/agents_demo/mm_embed_cache/frames/beat_block_hammer_episode7_1111200654.jpg,/data/work/OliverRen/open_s_proj/RoboRouter_RoboTwin/agents_router/agents_demo/mm_embed_cache/embeddings/mm_embed_beat_block_hammer_episode7_1111200654.json
-27.215010,-16.566835,beat_block_hammer,Ops-MM-embedding-v1-2B,/data/work/OliverRen/open_s_proj/RoboRouter_RoboTwin/agents_router/agents_demo/mm_embed_cache/frames/beat_block_hammer_episode8_1111200654.jpg,/data/work/OliverRen/open_s_proj/RoboRouter_RoboTwin/agents_router/agents_demo/mm_embed_cache/embeddings/mm_embed_beat_block_hammer_episode8_1111200654.json
-25.814850,-17.396820,beat_block_hammer,Ops-MM-embedding-v1-2B,/data/work/OliverRen/open_s_proj/RoboRouter_RoboTwin/agents_router/agents_demo/mm_embed_cache/frames/beat_block_hammer_episode9_1111200654.jpg,/data/work/OliverRen/open_s_proj/RoboRouter_RoboTwin/agents_router/agents_demo/mm_embed_cache/embeddings/mm_embed_beat_block_hammer_episode9_1111200654.json
-8.670152,19.146086,click_alarmclock,Ops-MM-embedding-v1-2B,/data/work/OliverRen/open_s_proj/RoboRouter_RoboTwin/agents_router/agents_demo/mm_embed_cache/frames/click_alarmclock_episode0_1111200654.jpg,/data/work/OliverRen/open_s_proj/RoboRouter_RoboTwin/agents_router/agents_demo/mm_embed_cache/embeddings/mm_embed_click_alarmclock_episode0_1111200654.json
-6.601332,18.244362,click_alarmclock,Ops-MM-embedding-v1-2B,/data/work/OliverRen/open_s_proj/RoboRouter_RoboTwin/agents_router/agents_demo/mm_embed_cache/frames/click_alarmclock_episode10_1111200654.jpg,/data/work/OliverRen/open_s_proj/RoboRouter_RoboTwin/agents_router/agents_demo/mm_embed_cache/embeddings/mm_embed_click_alarmclock_episode10_1111200654.json
-8.972903,19.129217,click_alarmclock,Ops-MM-embedding-v1-2B,/data/work/OliverRen/open_s_proj/RoboRouter_RoboTwin/agents_router/agents_demo/mm_embed_cache/frames/click_alarmclock_episode11_1111200654.jpg,/data/work/OliverRen/open_s_proj/RoboRouter_RoboTwin/agents_router/agents_demo/mm_embed_cache/embeddings/mm_embed_click_alarmclock_episode11_1111200654.json
-7.584065,18.982111,click_alarmclock,Ops-MM-embedding-v1-2B,/data/work/OliverRen/open_s_proj/RoboRouter_RoboTwin/agents_router/agents_demo/mm_embed_cache/frames/click_alarmclock_episode12_1111200654.jpg,/data/work/OliverRen/open_s_proj/RoboRouter_RoboTwin/agents_router/agents_demo/mm_embed_cache/embeddings/mm_embed_click_alarmclock_episode12_1111200654.json
-8.234663,16.755569,click_alarmclock,Ops-MM-embedding-v1-2B,/data/work/OliverRen/open_s_proj/RoboRouter_RoboTwin/agents_router/agents_demo/mm_embed_cache/frames/click_alarmclock_episode13_1111200654.jpg,/data/work/OliverRen/open_s_proj/RoboRouter_RoboTwin/agents_router/agents_demo/mm_embed_cache/embeddings/mm_embed_click_alarmclock_episode13_1111200654.json
-9.164793,17.322496,click_alarmclock,Ops-MM-embedding-v1-2B,/data/work/OliverRen/open_s_proj/RoboRouter_RoboTwin/agents_router/agents_demo/mm_embed_cache/frames/click_alarmclock_episode14_1111200654.jpg,/data/work/OliverRen/open_s_proj/RoboRouter_RoboTwin/agents_router/agents_demo/mm_embed_cache/embeddings/mm_embed_click_alarmclock_episode14_1111200654.json
-9.530736,17.850765,click_alarmclock,Ops-MM-embedding-v1-2B,/data/work/OliverRen/open_s_proj/RoboRouter_RoboTwin/agents_router/agents_demo/mm_embed_cache/frames/click_alarmclock_episode15_1111200654.jpg,/data/work/OliverRen/open_s_proj/RoboRouter_RoboTwin/agents_router/agents_demo/mm_embed_cache/embeddings/mm_embed_click_alarmclock_episode15_1111200654.json
-6.962005,17.793407,click_alarmclock,Ops-MM-embedding-v1-2B,/data/work/OliverRen/open_s_proj/RoboRouter_RoboTwin/agents_router/agents_demo/mm_embed_cache/frames/click_alarmclock_episode16_1111200654.jpg,/data/work/OliverRen/open_s_proj/RoboRouter_RoboTwin/agents_router/agents_demo/mm_embed_cache/embeddings/mm_embed_click_alarmclock_episode16_1111200654.json
-8.271189,19.603539,click_alarmclock,Ops-MM-embedding-v1-2B,/data/work/OliverRen/open_s_proj/RoboRouter_RoboTwin/agents_router/agents_demo/mm_embed_cache/frames/click_alarmclock_episode17_1111200654.jpg,/data/work/OliverRen/open_s_proj/RoboRouter_RoboTwin/agents_router/agents_demo/mm_embed_cache/embeddings/mm_embed_click_alarmclock_episode17_1111200654.json
-8.216924,16.812521,click_alarmclock,Ops-MM-embedding-v1-2B,/data/work/OliverRen/open_s_proj/RoboRouter_RoboTwin/agents_router/agents_demo/mm_embed_cache/frames/click_alarmclock_episode18_1111200654.jpg,/data/work/OliverRen/open_s_proj/RoboRouter_RoboTwin/agents_router/agents_demo/mm_embed_cache/embeddings/mm_embed_click_alarmclock_episode18_1111200654.json
-7.242529,17.763636,click_alarmclock,Ops-MM-embedding-v1-2B,/data/work/OliverRen/open_s_proj/RoboRouter_RoboTwin/agents_router/agents_demo/mm_embed_cache/frames/click_alarmclock_episode19_1111200654.jpg,/data/work/OliverRen/open_s_proj/RoboRouter_RoboTwin/agents_router/agents_demo/mm_embed_cache/embeddings/mm_embed_click_alarmclock_episode19_1111200654.json
-6.849919,17.090347,click_alarmclock,Ops-MM-embedding-v1-2B,/data/work/OliverRen/open_s_proj/RoboRouter_RoboTwin/agents_router/agents_demo/mm_embed_cache/frames/click_alarmclock_episode1_1111200654.jpg,/data/work/OliverRen/open_s_proj/RoboRouter_RoboTwin/agents_router/agents_demo/mm_embed_cache/embeddings/mm_embed_click_alarmclock_episode1_1111200654.json
-7.710622,18.947536,click_alarmclock,Ops-MM-embedding-v1-2B,/data/work/OliverRen/open_s_proj/RoboRouter_RoboTwin/agents_router/agents_demo/mm_embed_cache/frames/click_alarmclock_episode2_1111200654.jpg,/data/work/OliverRen/open_s_proj/RoboRouter_RoboTwin/agents_router/agents_demo/mm_embed_cache/embeddings/mm_embed_click_alarmclock_episode2_1111200654.json
-7.849459,18.713549,click_alarmclock,Ops-MM-embedding-v1-2B,/data/work/OliverRen/open_s_proj/RoboRouter_RoboTwin/agents_router/agents_demo/mm_embed_cache/frames/click_alarmclock_episode3_1111200654.jpg,/data/work/OliverRen/open_s_proj/RoboRouter_RoboTwin/agents_router/agents_demo/mm_embed_cache/embeddings/mm_embed_click_alarmclock_episode3_1111200654.json
-8.425549,18.274139,click_alarmclock,Ops-MM-embedding-v1-2B,/data/work/OliverRen/open_s_proj/RoboRouter_RoboTwin/agents_router/agents_demo/mm_embed_cache/frames/click_alarmclock_episode4_1111200654.jpg,/data/work/OliverRen/open_s_proj/RoboRouter_RoboTwin/agents_router/agents_demo/mm_embed_cache/embeddings/mm_embed_click_alarmclock_episode4_1111200654.json
-8.248002,18.355061,click_alarmclock,Ops-MM-embedding-v1-2B,/data/work/OliverRen/open_s_proj/RoboRouter_RoboTwin/agents_router/agents_demo/mm_embed_cache/frames/click_alarmclock_episode5_1111200654.jpg,/data/work/OliverRen/open_s_proj/RoboRouter_RoboTwin/agents_router/agents_demo/mm_embed_cache/embeddings/mm_embed_click_alarmclock_episode5_1111200654.json
-6.617470,18.298050,click_alarmclock,Ops-MM-embedding-v1-2B,/data/work/OliverRen/open_s_proj/RoboRouter_RoboTwin/agents_router/agents_demo/mm_embed_cache/frames/click_alarmclock_episode6_1111200654.jpg,/data/work/OliverRen/open_s_proj/RoboRouter_RoboTwin/agents_router/agents_demo/mm_embed_cache/embeddings/mm_embed_click_alarmclock_episode6_1111200654.json
-9.600841,18.182558,click_alarmclock,Ops-MM-embedding-v1-2B,/data/work/OliverRen/open_s_proj/RoboRouter_RoboTwin/agents_router/agents_demo/mm_embed_cache/frames/click_alarmclock_episode7_1111200654.jpg,/data/work/OliverRen/open_s_proj/RoboRouter_RoboTwin/agents_router/agents_demo/mm_embed_cache/embeddings/mm_embed_click_alarmclock_episode7_1111200654.json
-8.828599,19.367819,click_alarmclock,Ops-MM-embedding-v1-2B,/data/work/OliverRen/open_s_proj/RoboRouter_RoboTwin/agents_router/agents_demo/mm_embed_cache/frames/click_alarmclock_episode8_1111200654.jpg,/data/work/OliverRen/open_s_proj/RoboRouter_RoboTwin/agents_router/agents_demo/mm_embed_cache/embeddings/mm_embed_click_alarmclock_episode8_1111200654.json
-8.551981,18.715506,click_alarmclock,Ops-MM-embedding-v1-2B,/data/work/OliverRen/open_s_proj/RoboRouter_RoboTwin/agents_router/agents_demo/mm_embed_cache/frames/click_alarmclock_episode9_1111200654.jpg,/data/work/OliverRen/open_s_proj/RoboRouter_RoboTwin/agents_router/agents_demo/mm_embed_cache/embeddings/mm_embed_click_alarmclock_episode9_1111200654.json
3.874776,29.617945,open_laptop,Ops-MM-embedding-v1-2B,/data/work/OliverRen/open_s_proj/RoboRouter_RoboTwin/agents_router/agents_demo/mm_embed_cache/frames/open_laptop_episode0_1111200654.jpg,/data/work/OliverRen/open_s_proj/RoboRouter_RoboTwin/agents_router/agents_demo/mm_embed_cache/embeddings/mm_embed_open_laptop_episode0_1111200654.json
2.669503,27.932394,open_laptop,Ops-MM-embedding-v1-2B,/data/work/OliverRen/open_s_proj/RoboRouter_RoboTwin/agents_router/agents_demo/mm_embed_cache/frames/open_laptop_episode10_1111200654.jpg,/data/work/OliverRen/open_s_proj/RoboRouter_RoboTwin/agents_router/agents_demo/mm_embed_cache/embeddings/mm_embed_open_laptop_episode10_1111200654.json
4.948855,28.635447,open_laptop,Ops-MM-embedding-v1-2B,/data/work/OliverRen/open_s_proj/RoboRouter_RoboTwin/agents_router/agents_demo/mm_embed_cache/frames/open_laptop_episode11_1111200654.jpg,/data/work/OliverRen/open_s_proj/RoboRouter_RoboTwin/agents_router/agents_demo/mm_embed_cache/embeddings/mm_embed_open_laptop_episode11_1111200654.json
3.880586,28.570919,open_laptop,Ops-MM-embedding-v1-2B,/data/work/OliverRen/open_s_proj/RoboRouter_RoboTwin/agents_router/agents_demo/mm_embed_cache/frames/open_laptop_episode12_1111200654.jpg,/data/work/OliverRen/open_s_proj/RoboRouter_RoboTwin/agents_router/agents_demo/mm_embed_cache/embeddings/mm_embed_open_laptop_episode12_1111200654.json
3.234134,29.525595,open_laptop,Ops-MM-embedding-v1-2B,/data/work/OliverRen/open_s_proj/RoboRouter_RoboTwin/agents_router/agents_demo/mm_embed_cache/frames/open_laptop_episode13_1111200654.jpg,/data/work/OliverRen/open_s_proj/RoboRouter_RoboTwin/agents_router/agents_demo/mm_embed_cache/embeddings/mm_embed_open_laptop_episode13_1111200654.json
3.531408,28.305677,open_laptop,Ops-MM-embedding-v1-2B,/data/work/OliverRen/open_s_proj/RoboRouter_RoboTwin/agents_router/agents_demo/mm_embed_cache/frames/open_laptop_episode14_1111200654.jpg,/data/work/OliverRen/open_s_proj/RoboRouter_RoboTwin/agents_router/agents_demo/mm_embed_cache/embeddings/mm_embed_open_laptop_episode14_1111200654.json
2.704601,27.948494,open_laptop,Ops-MM-embedding-v1-2B,/data/work/OliverRen/open_s_proj/RoboRouter_RoboTwin/agents_router/agents_demo/mm_embed_cache/frames/open_laptop_episode15_1111200654.jpg,/data/work/OliverRen/open_s_proj/RoboRouter_RoboTwin/agents_router/agents_demo/mm_embed_cache/embeddings/mm_embed_open_laptop_episode15_1111200654.json
3.878910,28.746799,open_laptop,Ops-MM-embedding-v1-2B,/data/work/OliverRen/open_s_proj/RoboRouter_RoboTwin/agents_router/agents_demo/mm_embed_cache/frames/open_laptop_episode16_1111200654.jpg,/data/work/OliverRen/open_s_proj/RoboRouter_RoboTwin/agents_router/agents_demo/mm_embed_cache/embeddings/mm_embed_open_laptop_episode16_1111200654.json
3.877346,30.461861,open_laptop,Ops-MM-embedding-v1-2B,/data/work/OliverRen/open_s_proj/RoboRouter_RoboTwin/agents_router/agents_demo/mm_embed_cache/frames/open_laptop_episode17_1111200654.jpg,/data/work/OliverRen/open_s_proj/RoboRouter_RoboTwin/agents_router/agents_demo/mm_embed_cache/embeddings/mm_embed_open_laptop_episode17_1111200654.json
2.957633,26.148876,open_laptop,Ops-MM-embedding-v1-2B,/data/work/OliverRen/open_s_proj/RoboRouter_RoboTwin/agents_router/agents_demo/mm_embed_cache/frames/open_laptop_episode18_1111200654.jpg,/data/work/OliverRen/open_s_proj/RoboRouter_RoboTwin/agents_router/agents_demo/mm_embed_cache/embeddings/mm_embed_open_laptop_episode18_1111200654.json
4.312330,28.714283,open_laptop,Ops-MM-embedding-v1-2B,/data/work/OliverRen/open_s_proj/RoboRouter_RoboTwin/agents_router/agents_demo/mm_embed_cache/frames/open_laptop_episode19_1111200654.jpg,/data/work/OliverRen/open_s_proj/RoboRouter_RoboTwin/agents_router/agents_demo/mm_embed_cache/embeddings/mm_embed_open_laptop_episode19_1111200654.json
3.903837,29.710009,open_laptop,Ops-MM-embedding-v1-2B,/data/work/OliverRen/open_s_proj/RoboRouter_RoboTwin/agents_router/agents_demo/mm_embed_cache/frames/open_laptop_episode1_1111200654.jpg,/data/work/OliverRen/open_s_proj/RoboRouter_RoboTwin/agents_router/agents_demo/mm_embed_cache/embeddings/mm_embed_open_laptop_episode1_1111200654.json
3.840377,29.485308,open_laptop,Ops-MM-embedding-v1-2B,/data/work/OliverRen/open_s_proj/RoboRouter_RoboTwin/agents_router/agents_demo/mm_embed_cache/frames/open_laptop_episode2_1111200654.jpg,/data/work/OliverRen/open_s_proj/RoboRouter_RoboTwin/agents_router/agents_demo/mm_embed_cache/embeddings/mm_embed_open_laptop_episode2_1111200654.json
4.519121,29.382406,open_laptop,Ops-MM-embedding-v1-2B,/data/work/OliverRen/open_s_proj/RoboRouter_RoboTwin/agents_router/agents_demo/mm_embed_cache/frames/open_laptop_episode3_1111200654.jpg,/data/work/OliverRen/open_s_proj/RoboRouter_RoboTwin/agents_router/agents_demo/mm_embed_cache/embeddings/mm_embed_open_laptop_episode3_1111200654.json
5.283057,28.117401,open_laptop,Ops-MM-embedding-v1-2B,/data/work/OliverRen/open_s_proj/RoboRouter_RoboTwin/agents_router/agents_demo/mm_embed_cache/frames/open_laptop_episode4_1111200654.jpg,/data/work/OliverRen/open_s_proj/RoboRouter_RoboTwin/agents_router/agents_demo/mm_embed_cache/embeddings/mm_embed_open_laptop_episode4_1111200654.json
4.136893,30.388067,open_laptop,Ops-MM-embedding-v1-2B,/data/work/OliverRen/open_s_proj/RoboRouter_RoboTwin/agents_router/agents_demo/mm_embed_cache/frames/open_laptop_episode5_1111200654.jpg,/data/work/OliverRen/open_s_proj/RoboRouter_RoboTwin/agents_router/agents_demo/mm_embed_cache/embeddings/mm_embed_open_laptop_episode5_1111200654.json
4.280807,27.787285,open_laptop,Ops-MM-embedding-v1-2B,/data/work/OliverRen/open_s_proj/RoboRouter_RoboTwin/agents_router/agents_demo/mm_embed_cache/frames/open_laptop_episode6_1111200654.jpg,/data/work/OliverRen/open_s_proj/RoboRouter_RoboTwin/agents_router/agents_demo/mm_embed_cache/embeddings/mm_embed_open_laptop_episode6_1111200654.json
2.949270,26.104601,open_laptop,Ops-MM-embedding-v1-2B,/data/work/OliverRen/open_s_proj/RoboRouter_RoboTwin/agents_router/agents_demo/mm_embed_cache/frames/open_laptop_episode7_1111200654.jpg,/data/work/OliverRen/open_s_proj/RoboRouter_RoboTwin/agents_router/agents_demo/mm_embed_cache/embeddings/mm_embed_open_laptop_episode7_1111200654.json
2.684880,29.801517,open_laptop,Ops-MM-embedding-v1-2B,/data/work/OliverRen/open_s_proj/RoboRouter_RoboTwin/agents_router/agents_demo/mm_embed_cache/frames/open_laptop_episode8_1111200654.jpg,/data/work/OliverRen/open_s_proj/RoboRouter_RoboTwin/agents_router/agents_demo/mm_embed_cache/embeddings/mm_embed_open_laptop_episode8_1111200654.json
4.192381,27.794216,open_laptop,Ops-MM-embedding-v1-2B,/data/work/OliverRen/open_s_proj/RoboRouter_RoboTwin/agents_router/agents_demo/mm_embed_cache/frames/open_laptop_episode9_1111200654.jpg,/data/work/OliverRen/open_s_proj/RoboRouter_RoboTwin/agents_router/agents_demo/mm_embed_cache/embeddings/mm_embed_open_laptop_episode9_1111200654.json
24.445009,-0.544800,place_container_plate,Ops-MM-embedding-v1-2B,/data/work/OliverRen/open_s_proj/RoboRouter_RoboTwin/agents_router/agents_demo/mm_embed_cache/frames/place_container_plate_episode0_1111200654.jpg,/data/work/OliverRen/open_s_proj/RoboRouter_RoboTwin/agents_router/agents_demo/mm_embed_cache/embeddings/mm_embed_place_container_plate_episode0_1111200654.json
25.407255,1.940079,place_container_plate,Ops-MM-embedding-v1-2B,/data/work/OliverRen/open_s_proj/RoboRouter_RoboTwin/agents_router/agents_demo/mm_embed_cache/frames/place_container_plate_episode10_1111200654.jpg,/data/work/OliverRen/open_s_proj/RoboRouter_RoboTwin/agents_router/agents_demo/mm_embed_cache/embeddings/mm_embed_place_container_plate_episode10_1111200654.json
24.022223,1.506438,place_container_plate,Ops-MM-embedding-v1-2B,/data/work/OliverRen/open_s_proj/RoboRouter_RoboTwin/agents_router/agents_demo/mm_embed_cache/frames/place_container_plate_episode11_1111200654.jpg,/data/work/OliverRen/open_s_proj/RoboRouter_RoboTwin/agents_router/agents_demo/mm_embed_cache/embeddings/mm_embed_place_container_plate_episode11_1111200654.json
26.055641,0.304946,place_container_plate,Ops-MM-embedding-v1-2B,/data/work/OliverRen/open_s_proj/RoboRouter_RoboTwin/agents_router/agents_demo/mm_embed_cache/frames/place_container_plate_episode12_1111200654.jpg,/data/work/OliverRen/open_s_proj/RoboRouter_RoboTwin/agents_router/agents_demo/mm_embed_cache/embeddings/mm_embed_place_container_plate_episode12_1111200654.json
25.114668,0.856712,place_container_plate,Ops-MM-embedding-v1-2B,/data/work/OliverRen/open_s_proj/RoboRouter_RoboTwin/agents_router/agents_demo/mm_embed_cache/frames/place_container_plate_episode13_1111200654.jpg,/data/work/OliverRen/open_s_proj/RoboRouter_RoboTwin/agents_router/agents_demo/mm_embed_cache/embeddings/mm_embed_place_container_plate_episode13_1111200654.json
23.099806,0.659111,place_container_plate,Ops-MM-embedding-v1-2B,/data/work/OliverRen/open_s_proj/RoboRouter_RoboTwin/agents_router/agents_demo/mm_embed_cache/frames/place_container_plate_episode14_1111200654.jpg,/data/work/OliverRen/open_s_proj/RoboRouter_RoboTwin/agents_router/agents_demo/mm_embed_cache/embeddings/mm_embed_place_container_plate_episode14_1111200654.json
25.382992,0.846609,place_container_plate,Ops-MM-embedding-v1-2B,/data/work/OliverRen/open_s_proj/RoboRouter_RoboTwin/agents_router/agents_demo/mm_embed_cache/frames/place_container_plate_episode15_1111200654.jpg,/data/work/OliverRen/open_s_proj/RoboRouter_RoboTwin/agents_router/agents_demo/mm_embed_cache/embeddings/mm_embed_place_container_plate_episode15_1111200654.json
23.923904,-0.217050,place_container_plate,Ops-MM-embedding-v1-2B,/data/work/OliverRen/open_s_proj/RoboRouter_RoboTwin/agents_router/agents_demo/mm_embed_cache/frames/place_container_plate_episode16_1111200654.jpg,/data/work/OliverRen/open_s_proj/RoboRouter_RoboTwin/agents_router/agents_demo/mm_embed_cache/embeddings/mm_embed_place_container_plate_episode16_1111200654.json
22.879288,0.348446,place_container_plate,Ops-MM-embedding-v1-2B,/data/work/OliverRen/open_s_proj/RoboRouter_RoboTwin/agents_router/agents_demo/mm_embed_cache/frames/place_container_plate_episode17_1111200654.jpg,/data/work/OliverRen/open_s_proj/RoboRouter_RoboTwin/agents_router/agents_demo/mm_embed_cache/embeddings/mm_embed_place_container_plate_episode17_1111200654.json
25.519651,0.864332,place_container_plate,Ops-MM-embedding-v1-2B,/data/work/OliverRen/open_s_proj/RoboRouter_RoboTwin/agents_router/agents_demo/mm_embed_cache/frames/place_container_plate_episode18_1111200654.jpg,/data/work/OliverRen/open_s_proj/RoboRouter_RoboTwin/agents_router/agents_demo/mm_embed_cache/embeddings/mm_embed_place_container_plate_episode18_1111200654.json
25.792259,0.464162,place_container_plate,Ops-MM-embedding-v1-2B,/data/work/OliverRen/open_s_proj/RoboRouter_RoboTwin/agents_router/agents_demo/mm_embed_cache/frames/place_container_plate_episode19_1111200654.jpg,/data/work/OliverRen/open_s_proj/RoboRouter_RoboTwin/agents_router/agents_demo/mm_embed_cache/embeddings/mm_embed_place_container_plate_episode19_1111200654.json
25.963221,0.261952,place_container_plate,Ops-MM-embedding-v1-2B,/data/work/OliverRen/open_s_proj/RoboRouter_RoboTwin/agents_router/agents_demo/mm_embed_cache/frames/place_container_plate_episode1_1111200654.jpg,/data/work/OliverRen/open_s_proj/RoboRouter_RoboTwin/agents_router/agents_demo/mm_embed_cache/embeddings/mm_embed_place_container_plate_episode1_1111200654.json
24.043283,0.428237,place_container_plate,Ops-MM-embedding-v1-2B,/data/work/OliverRen/open_s_proj/RoboRouter_RoboTwin/agents_router/agents_demo/mm_embed_cache/frames/place_container_plate_episode2_1111200654.jpg,/data/work/OliverRen/open_s_proj/RoboRouter_RoboTwin/agents_router/agents_demo/mm_embed_cache/embeddings/mm_embed_place_container_plate_episode2_1111200654.json
23.318621,-0.090896,place_container_plate,Ops-MM-embedding-v1-2B,/data/work/OliverRen/open_s_proj/RoboRouter_RoboTwin/agents_router/agents_demo/mm_embed_cache/frames/place_container_plate_episode3_1111200654.jpg,/data/work/OliverRen/open_s_proj/RoboRouter_RoboTwin/agents_router/agents_demo/mm_embed_cache/embeddings/mm_embed_place_container_plate_episode3_1111200654.json
24.353783,-0.068169,place_container_plate,Ops-MM-embedding-v1-2B,/data/work/OliverRen/open_s_proj/RoboRouter_RoboTwin/agents_router/agents_demo/mm_embed_cache/frames/place_container_plate_episode4_1111200654.jpg,/data/work/OliverRen/open_s_proj/RoboRouter_RoboTwin/agents_router/agents_demo/mm_embed_cache/embeddings/mm_embed_place_container_plate_episode4_1111200654.json
23.635101,0.213833,place_container_plate,Ops-MM-embedding-v1-2B,/data/work/OliverRen/open_s_proj/RoboRouter_RoboTwin/agents_router/agents_demo/mm_embed_cache/frames/place_container_plate_episode5_1111200654.jpg,/data/work/OliverRen/open_s_proj/RoboRouter_RoboTwin/agents_router/agents_demo/mm_embed_cache/embeddings/mm_embed_place_container_plate_episode5_1111200654.json
23.184454,0.628804,place_container_plate,Ops-MM-embedding-v1-2B,/data/work/OliverRen/open_s_proj/RoboRouter_RoboTwin/agents_router/agents_demo/mm_embed_cache/frames/place_container_plate_episode6_1111200654.jpg,/data/work/OliverRen/open_s_proj/RoboRouter_RoboTwin/agents_router/agents_demo/mm_embed_cache/embeddings/mm_embed_place_container_plate_episode6_1111200654.json
23.548578,-0.266219,place_container_plate,Ops-MM-embedding-v1-2B,/data/work/OliverRen/open_s_proj/RoboRouter_RoboTwin/agents_router/agents_demo/mm_embed_cache/frames/place_container_plate_episode7_1111200654.jpg,/data/work/OliverRen/open_s_proj/RoboRouter_RoboTwin/agents_router/agents_demo/mm_embed_cache/embeddings/mm_embed_place_container_plate_episode7_1111200654.json
25.140654,1.500607,place_container_plate,Ops-MM-embedding-v1-2B,/data/work/OliverRen/open_s_proj/RoboRouter_RoboTwin/agents_router/agents_demo/mm_embed_cache/frames/place_container_plate_episode8_1111200654.jpg,/data/work/OliverRen/open_s_proj/RoboRouter_RoboTwin/agents_router/agents_demo/mm_embed_cache/embeddings/mm_embed_place_container_plate_episode8_1111200654.json
24.107922,1.772735,place_container_plate,Ops-MM-embedding-v1-2B,/data/work/OliverRen/open_s_proj/RoboRouter_RoboTwin/agents_router/agents_demo/mm_embed_cache/frames/place_container_plate_episode9_1111200654.jpg,/data/work/OliverRen/open_s_proj/RoboRouter_RoboTwin/agents_router/agents_demo/mm_embed_cache/embeddings/mm_embed_place_container_plate_episode9_1111200654.json
